{
  "Version": 1,
  "ManifestType": "Publish",
  "Endpoints": [
    {
      "Route": "Uploads/Test/b1077112-d99f-43d0-9515-602ef1950d0bСнимок.90d38by7ml.PNG",
      "AssetFile": "Uploads/Test/b1077112-d99f-43d0-9515-602ef1950d0bСнимок.PNG",
      "Selectors": [],
      "ResponseHeaders": [
        {
          "Name": "Accept-Ranges",
          "Value": "bytes"
        },
        {
          "Name": "Cache-Control",
          "Value": "max-age=31536000, immutable"
        },
        {
          "Name": "Content-Length",
          "Value": "1893"
        },
        {
          "Name": "Content-Type",
          "Value": "image/png"
        },
        {
          "Name": "ETag",
          "Value": "\"mVjymnrVbAxCzpi2opKqedvovkTFsTbDh2V0Q7DFej0=\""
        },
        {
          "Name": "Last-Modified",
          "Value": "Fri, 21 Mar 2025 10:47:38 GMT"
        }
      ],
      "EndpointProperties": [
        {
          "Name": "fingerprint",
          "Value": "90d38by7ml"
        },
        {
          "Name": "integrity",
          "Value": "sha256-mVjymnrVbAxCzpi2opKqedvovkTFsTbDh2V0Q7DFej0="
        },
        {
          "Name": "label",
          "Value": "Uploads/Test/b1077112-d99f-43d0-9515-602ef1950d0bСнимок.PNG"
        }
      ]
    },
    {
      "Route": "Uploads/Test/b1077112-d99f-43d0-9515-602ef1950d0bСнимок.PNG",
      "AssetFile": "Uploads/Test/b1077112-d99f-43d0-9515-602ef1950d0bСнимок.PNG",
      "Selectors": [],
      "ResponseHeaders": [
        {
          "Name": "Accept-Ranges",
          "Value": "bytes"
        },
        {
          "Name": "Cache-Control",
          "Value": "max-age=3600, must-revalidate"
        },
        {
          "Name": "Content-Length",
          "Value": "1893"
        },
        {
          "Name": "Content-Type",
          "Value": "image/png"
        },
        {
          "Name": "ETag",
          "Value": "\"mVjymnrVbAxCzpi2opKqedvovkTFsTbDh2V0Q7DFej0=\""
        },
        {
          "Name": "Last-Modified",
          "Value": "Fri, 21 Mar 2025 10:47:38 GMT"
        }
      ],
      "EndpointProperties": [
        {
          "Name": "integrity",
          "Value": "sha256-mVjymnrVbAxCzpi2opKqedvovkTFsTbDh2V0Q7DFej0="
        }
      ]
    }
  ]
}